# Repository	Commit	Path	Bytes	SHA-256
BinaryKits/BinaryKits.Zpl	25edadaa867472941b7cc0a84802a3e473b4a3b2	src/BinaryKits.Zpl.Viewer.UnitTest/Data/Zpl/custom.zpl2	0	e3b0c44298fc1c149afbf4c8996fb92427ae41e4649b934ca495991b7852b855
BinaryKits/BinaryKits.Zpl	25edadaa867472941b7cc0a84802a3e473b4a3b2	src/BinaryKits.Zpl.Viewer.UnitTest/Data/Zpl/extended_ascii.zpl2	45	6c22b0a059ce5503ebd489975c7cf7f2f7ef644060604e547c3641d0adb87694
BinaryKits/BinaryKits.Zpl	25edadaa867472941b7cc0a84802a3e473b4a3b2	src/BinaryKits.Zpl.Viewer.UnitTest/Data/Zpl/font-assign.zpl2	81	2850e38e64e556b0efe34846ba1473da0905e7552c4583bbe3005319f6dc8e46
BinaryKits/BinaryKits.Zpl	25edadaa867472941b7cc0a84802a3e473b4a3b2	src/BinaryKits.Zpl.Viewer.UnitTest/Data/Zpl/invert1.zpl2	161	f04bd68c7d507183ea05a38524848364d908878e532e195355ddc0b310488cc5
BinaryKits/BinaryKits.Zpl	25edadaa867472941b7cc0a84802a3e473b4a3b2	src/BinaryKits.Zpl.Viewer.UnitTest/Data/Zpl/invert2.zpl2	529	2bf3bc349647179935368987a37ee5c691da48df643cafd8cb330a94d04b8f0d
BinaryKits/BinaryKits.Zpl	25edadaa867472941b7cc0a84802a3e473b4a3b2	src/BinaryKits.Zpl.Viewer.UnitTest/Data/Zpl/merge.zpl2	321	25719da7987fd76da7d4aeb0c00cb3f70933398d30ef15d29e66c7195b0ca34f
BinaryKits/BinaryKits.Zpl	25edadaa867472941b7cc0a84802a3e473b4a3b2	src/BinaryKits.Zpl.Viewer.WebApi/Labels/Example/Example1-102x152.zpl2	1891	2a6aa29236fca9fa63484bc2d14af009586b3fb0c355fc88e9b0fcbaac5c0c34
BinaryKits/BinaryKits.Zpl	25edadaa867472941b7cc0a84802a3e473b4a3b2	src/BinaryKits.Zpl.Viewer.WebApi/Labels/Example/Example1-54x86.zpl2	1954	fb3a03bf8072ef418f67ec0a8e0348cdf64f60bea61e48da1441d2e8ee901b99
BinaryKits/BinaryKits.Zpl	25edadaa867472941b7cc0a84802a3e473b4a3b2	src/BinaryKits.Zpl.Viewer.WebApi/Labels/Example/Example10-102x152.zpl2	4431	2f7594a814532e9a7ceaf2bf717cad7ba2de3afa5995e1b66ad05a0087766b6b
BinaryKits/BinaryKits.Zpl	25edadaa867472941b7cc0a84802a3e473b4a3b2	src/BinaryKits.Zpl.Viewer.WebApi/Labels/Example/Example11-102x152.zpl2	3283	7cb3c73723725adcac0d63ac87bbc5fef4b10f5be98e4599840326c319411f66
BinaryKits/BinaryKits.Zpl	25edadaa867472941b7cc0a84802a3e473b4a3b2	src/BinaryKits.Zpl.Viewer.WebApi/Labels/Example/Example12-102x152.zpl2	3488	1b3e4d883e2841fccc24cce635b14f6c37a0e58b36f9aa103a1a4ff790366540
BinaryKits/BinaryKits.Zpl	25edadaa867472941b7cc0a84802a3e473b4a3b2	src/BinaryKits.Zpl.Viewer.WebApi/Labels/Example/Example2-102x170.zpl2	7429	c72a8b4013d1267c6f24b91ca681a42d4d19e2c577ecacc3a522efe44c18ae74
BinaryKits/BinaryKits.Zpl	25edadaa867472941b7cc0a84802a3e473b4a3b2	src/BinaryKits.Zpl.Viewer.WebApi/Labels/Example/Example3-54x86.zpl2	3818	22e36a905e9a83cba54ad60295ce8ef7cb42f8fa20653c510fcada8ba803e2c8
BinaryKits/BinaryKits.Zpl	25edadaa867472941b7cc0a84802a3e473b4a3b2	src/BinaryKits.Zpl.Viewer.WebApi/Labels/Example/Example4-102x152.zpl2	929	92e0d29207ef024ad301a2f4dbcb706a2c9ab7bf9cc748c8d7d8c78365186e0c
BinaryKits/BinaryKits.Zpl	25edadaa867472941b7cc0a84802a3e473b4a3b2	src/BinaryKits.Zpl.Viewer.WebApi/Labels/Example/Example5-75x202.zpl2	1877	d040ccc6ac42b2bf370df7cf5532a8ec15d412628960fd1b73018558ebdd5510
BinaryKits/BinaryKits.Zpl	25edadaa867472941b7cc0a84802a3e473b4a3b2	src/BinaryKits.Zpl.Viewer.WebApi/Labels/Example/Example6-75x254.zpl2	1689	0c5e3e7a58540c5f6f9fe674e927214ae397c7ef7d6d24acb8f4fe64affb1d3d
BinaryKits/BinaryKits.Zpl	25edadaa867472941b7cc0a84802a3e473b4a3b2	src/BinaryKits.Zpl.Viewer.WebApi/Labels/Example/Example7-178x152.zpl2	866	e349b7ac836a054fd85cbb20df971af550982bce5c5449f45cf53ac7cd68ce7a
BinaryKits/BinaryKits.Zpl	25edadaa867472941b7cc0a84802a3e473b4a3b2	src/BinaryKits.Zpl.Viewer.WebApi/Labels/Example/Example8-64x152.zpl2	2746	41d16109761a5eacfc800301980e3a1138966293daea543cfc1a21901ba81404
BinaryKits/BinaryKits.Zpl	25edadaa867472941b7cc0a84802a3e473b4a3b2	src/BinaryKits.Zpl.Viewer.WebApi/Labels/Example/Example9-102x152.zpl2	915	8b6733f38dac0c9f446c34f6c8d4f9ee3a92a9758eeb84dd9758871a6a0a8387
BinaryKits/BinaryKits.Zpl	25edadaa867472941b7cc0a84802a3e473b4a3b2	src/BinaryKits.Zpl.Viewer.WebApi/Labels/Test/Barcode128-102x152.zpl2	330	046fef0941474d52995622708e7206fea0d54a00fb50b37d3544213bcec81212
BinaryKits/BinaryKits.Zpl	25edadaa867472941b7cc0a84802a3e473b4a3b2	src/BinaryKits.Zpl.Viewer.WebApi/Labels/Test/Barcode39-102x152.zpl2	349	180a1276d3b316cb411595fb4d0d889e07fe41d300869ed10116a85154522e84
BinaryKits/BinaryKits.Zpl	25edadaa867472941b7cc0a84802a3e473b4a3b2	src/BinaryKits.Zpl.Viewer.WebApi/Labels/Test/Barcode93-102x152.zpl2	157	70f0b13c828b46c3d8ffa1787db2404bd2e5d400a1cad6a35bdf3c1d3624262b
BinaryKits/BinaryKits.Zpl	25edadaa867472941b7cc0a84802a3e473b4a3b2	src/BinaryKits.Zpl.Viewer.WebApi/Labels/Test/BarcodeEAN13-102x152.zpl2	265	1fc4560a564df9e55fa1da9e527d84af4837bff620a0f6736b5e2ed9e7778f25
BinaryKits/BinaryKits.Zpl	25edadaa867472941b7cc0a84802a3e473b4a3b2	src/BinaryKits.Zpl.Viewer.WebApi/Labels/Test/BarcodeI2of5-102x152.zpl2	373	73c407c6a18e4a37e95c3be9d4c517c2eb99d2cfccdc94b42aec0ecad72f59eb
BinaryKits/BinaryKits.Zpl	25edadaa867472941b7cc0a84802a3e473b4a3b2	src/BinaryKits.Zpl.Viewer.WebApi/Labels/Test/BarcodeOrientation1-102x152.zpl2	373	fdc3270edbc4022c721c16561a297dd2ef9e3320e587b03d8d02b27eb05267a2
BinaryKits/BinaryKits.Zpl	25edadaa867472941b7cc0a84802a3e473b4a3b2	src/BinaryKits.Zpl.Viewer.WebApi/Labels/Test/BarcodeOrientation2-102x152.zpl2	373	7244e394acc939b7050eb0dd6a9a5360bde6e3306457ca95fd8f99b8c8cf1eaf
BinaryKits/BinaryKits.Zpl	25edadaa867472941b7cc0a84802a3e473b4a3b2	src/BinaryKits.Zpl.Viewer.WebApi/Labels/Test/BarcodePDF417-102x152.zpl2	1992	319d316eb35ae915fb3acb852fa399f4fa262c8cd8b51b56704ed4df52ea6a7b
BinaryKits/BinaryKits.Zpl	25edadaa867472941b7cc0a84802a3e473b4a3b2	src/BinaryKits.Zpl.Viewer.WebApi/Labels/Test/BarcodeUpcA-102x152.zpl2	267	050ff0477316bb34457792e18c73e2be094eb8463ccd405fbbe1c3a377cd78ad
BinaryKits/BinaryKits.Zpl	25edadaa867472941b7cc0a84802a3e473b4a3b2	src/BinaryKits.Zpl.Viewer.WebApi/Labels/Test/BarcodeUpcE-102x152.zpl2	332	a993157b3cb0568b63b141f5fbb6a2159fd0138499a391ac0f1478df0a837df4
BinaryKits/BinaryKits.Zpl	25edadaa867472941b7cc0a84802a3e473b4a3b2	src/BinaryKits.Zpl.Viewer.WebApi/Labels/Test/DataMatrix-102x152.zpl2	165	88b5106b3319813c31be4289675369b91d68ec56f434aa14a19118088613b047
BinaryKits/BinaryKits.Zpl	25edadaa867472941b7cc0a84802a3e473b4a3b2	src/BinaryKits.Zpl.Viewer.WebApi/Labels/Test/DownloadGraphicsCompressed-54x86.zpl2	976	c823958accb1c4510df7d0d643574ff8098a7f84510a82353b81605c2b17311a
BinaryKits/BinaryKits.Zpl	25edadaa867472941b7cc0a84802a3e473b4a3b2	src/BinaryKits.Zpl.Viewer.WebApi/Labels/Test/DownloadGraphicsUncompressed-54x86.zpl2	2527	e9ec179bf1d9df33e4e92ac4ea1cec6ef8e70de61d55ff3371f55519b699df80
BinaryKits/BinaryKits.Zpl	25edadaa867472941b7cc0a84802a3e473b4a3b2	src/BinaryKits.Zpl.Viewer.WebApi/Labels/Test/DownloadObject-54x86.zpl2	3311	69b2c341660a4cc747d452e3f1b0f3cc725406e3df6021da3dd345b98e16d352
BinaryKits/BinaryKits.Zpl	25edadaa867472941b7cc0a84802a3e473b4a3b2	src/BinaryKits.Zpl.Viewer.WebApi/Labels/Test/FieldDataText1-102x152.zpl2	360	f2c993103a5d55ed2618f8ef774c1832b5773b37573094518e822c781c9ec4ce
BinaryKits/BinaryKits.Zpl	25edadaa867472941b7cc0a84802a3e473b4a3b2	src/BinaryKits.Zpl.Viewer.WebApi/Labels/Test/FieldDataText2-102x152.zpl2	1258	c1731ed400c15ee65b886dbe35dad0965c34e818ee161d33504a6d47137792ca
BinaryKits/BinaryKits.Zpl	25edadaa867472941b7cc0a84802a3e473b4a3b2	src/BinaryKits.Zpl.Viewer.WebApi/Labels/Test/FieldReversePrint1-54x86.zpl2	170	79dffded4405714ba358fcfd98140efb5cad158db1494f1547f1c314796b0061
BinaryKits/BinaryKits.Zpl	25edadaa867472941b7cc0a84802a3e473b4a3b2	src/BinaryKits.Zpl.Viewer.WebApi/Labels/Test/FieldReversePrint2-54x86.zpl2	549	aae58a599560ea5c9aabfc763ae0e00323204577a39d49e3d2b0c349da1db1de
BinaryKits/BinaryKits.Zpl	25edadaa867472941b7cc0a84802a3e473b4a3b2	src/BinaryKits.Zpl.Viewer.WebApi/Labels/Test/FieldReversePrint3-54x86.zpl2	1014	bb747ed6b35310c0061614ad8de330f7d6471d9d55beb662bcd82dea9a337200
BinaryKits/BinaryKits.Zpl	25edadaa867472941b7cc0a84802a3e473b4a3b2	src/BinaryKits.Zpl.Viewer.WebApi/Labels/Test/Format-54x86.zpl2	260	41a3e99d6f67a2baa7e6ac5b5b0f20c628b3174bad73535c0581f0b91e5d8f0e
BinaryKits/BinaryKits.Zpl	25edadaa867472941b7cc0a84802a3e473b4a3b2	src/BinaryKits.Zpl.Viewer.WebApi/Labels/Test/Format2-54x86.zpl2	162	f7d16c441c674d050dc49a3fa23783cfa7e2a47b5af6f4ec94768896710795ff
BinaryKits/BinaryKits.Zpl	25edadaa867472941b7cc0a84802a3e473b4a3b2	src/BinaryKits.Zpl.Viewer.WebApi/Labels/Test/GS1-102x152.zpl2	425	90073cbf8356e55aa9f14d5bc46d9a9468746a48e784ffc823093c6073d6821f
BinaryKits/BinaryKits.Zpl	25edadaa867472941b7cc0a84802a3e473b4a3b2	src/BinaryKits.Zpl.Viewer.WebApi/Labels/Test/GraphicBox1-54x86.zpl2	970	8798f4723252e26facc048be7426b74a725f643f5ba3c1ca7b68283dcdb76a67
BinaryKits/BinaryKits.Zpl	25edadaa867472941b7cc0a84802a3e473b4a3b2	src/BinaryKits.Zpl.Viewer.WebApi/Labels/Test/GraphicBox2-102x152.zpl2	941	c49a55def22920a4a682e19615ccdf28997da9edeed5bfc2a2a5b63ccad74a28
BinaryKits/BinaryKits.Zpl	25edadaa867472941b7cc0a84802a3e473b4a3b2	src/BinaryKits.Zpl.Viewer.WebApi/Labels/Test/GraphicBox3-54x86.zpl2	365	9a6c1a3fba2e9228b330e2871f6852df406d5a6f9485a94a208bfa173f87d24c
BinaryKits/BinaryKits.Zpl	25edadaa867472941b7cc0a84802a3e473b4a3b2	src/BinaryKits.Zpl.Viewer.WebApi/Labels/Test/GraphicCircle1-54x86.zpl2	161	f87f4f054c19cfa9cbb6defeea24c45c5bc7d493eb2a38bb25de4ac2ed5a29ab
BinaryKits/BinaryKits.Zpl	25edadaa867472941b7cc0a84802a3e473b4a3b2	src/BinaryKits.Zpl.Viewer.WebApi/Labels/Test/GraphicCircle2-54x86.zpl2	163	628d8b26d86f0100339f48a7b30c61fe05166167a33680dcedca1da9678a12fa
BinaryKits/BinaryKits.Zpl	25edadaa867472941b7cc0a84802a3e473b4a3b2	src/BinaryKits.Zpl.Viewer.WebApi/Labels/Test/GraphicCircle3-54x86.zpl2	163	f54dbd0ab9a7d39c6be8b883af441123c43df210a809a97c5aed0375ec5d882d
BinaryKits/BinaryKits.Zpl	25edadaa867472941b7cc0a84802a3e473b4a3b2	src/BinaryKits.Zpl.Viewer.WebApi/Labels/Test/GraphicDiagonalLine-102x152.zpl2	443	fe25a9d833ecc016e27a0ab5d25588baada6256b7bbca77346148436af383672
BinaryKits/BinaryKits.Zpl	25edadaa867472941b7cc0a84802a3e473b4a3b2	src/BinaryKits.Zpl.Viewer.WebApi/Labels/Test/GraphicEllipse-54x86.zpl2	219	a877e7698a12062b20023d0ad727d6f165feba89865dcc14c517227ec0c2abbf
BinaryKits/BinaryKits.Zpl	25edadaa867472941b7cc0a84802a3e473b4a3b2	src/BinaryKits.Zpl.Viewer.WebApi/Labels/Test/GraphicField-54x86.zpl2	1954	7a429c497a570ca8730ef977eddadd41655a47cc24eca2119822cfec0ebae63f
BinaryKits/BinaryKits.Zpl	25edadaa867472941b7cc0a84802a3e473b4a3b2	src/BinaryKits.Zpl.Viewer.WebApi/Labels/Test/GraphicSymbol-54x86.zpl2	180	5a8554b510b963ca0c3c7b6240dd39c0a2663b33142b4734da57f748c04b4b83
BinaryKits/BinaryKits.Zpl	25edadaa867472941b7cc0a84802a3e473b4a3b2	src/BinaryKits.Zpl.Viewer.WebApi/Labels/Test/HexEscape-54x86.zpl2	149	4ceaec0d2a20082c31c8e590783aaea4e68a463160b957993ae1efe3e9798345
BinaryKits/BinaryKits.Zpl	25edadaa867472941b7cc0a84802a3e473b4a3b2	src/BinaryKits.Zpl.Viewer.WebApi/Labels/Test/MaxiCode-102x152.zpl2	709	2ae2b13525aa69327fcaa6bd8529cf521a8e29b141bcad9a814c711bc882c7da
BinaryKits/BinaryKits.Zpl	25edadaa867472941b7cc0a84802a3e473b4a3b2	src/BinaryKits.Zpl.Viewer.WebApi/Labels/Test/QrCode-54x86.zpl2	264	5004a90b4f94b41e22545e2f9740fe30ba694bbccecc1e436abac88422ff7f77
BinaryKits/BinaryKits.Zpl	25edadaa867472941b7cc0a84802a3e473b4a3b2	src/BinaryKits.Zpl.Viewer.WebApi/Labels/Test/TextPosition1-54x86.zpl2	381	b3d655020ccba36b6cbdb3378e8dc59b1c87def7275698608d16ae4fcd514346
BinaryKits/BinaryKits.Zpl	25edadaa867472941b7cc0a84802a3e473b4a3b2	src/BinaryKits.Zpl.Viewer.WebApi/Labels/Test/TextPosition2-102x152.zpl2	251	6d12d8a16331e43cc12742341e0e36c1403f9bf18313f64570701408ac56e30d
BinaryKits/BinaryKits.Zpl	25edadaa867472941b7cc0a84802a3e473b4a3b2	src/BinaryKits.Zpl.Viewer.WebApi/Labels/Test/TextPosition3-102x152.zpl2	125	36e7ea802ab6b45200e7681a75a61ad8b7f86725b7fb196861bd3bffa46b0c5d
BinaryKits/BinaryKits.Zpl	25edadaa867472941b7cc0a84802a3e473b4a3b2	src/BinaryKits.Zpl.Viewer.WebApi/Labels/Test/TextPosition4-102x152.zpl2	128	9ad7b0bcfda01f17150f505695943fac8088961c478af812bb6617033a7da999
BinaryKits/BinaryKits.Zpl	25edadaa867472941b7cc0a84802a3e473b4a3b2	src/BinaryKits.Zpl.Viewer.WebApi/Labels/Test/TextRotation1-102x152.zpl2	206	1ba7c01248da4d8b5120671f83b1813e28d39fba1555918e3f3c59e0590045a0
BinaryKits/BinaryKits.Zpl	25edadaa867472941b7cc0a84802a3e473b4a3b2	src/BinaryKits.Zpl.Viewer.WebApi/Labels/Test/TextRotation2-102x152.zpl2	206	29627dae643868830e861a04733137d7fcfdf04cccb794cfb3e340e6ea940609
BinaryKits/BinaryKits.Zpl	25edadaa867472941b7cc0a84802a3e473b4a3b2	src/BinaryKits.Zpl.Viewer.WebApi/Labels/Test/TextRotation3-102x152.zpl2	196	714659e35fcd76bcf14916ce84fc660ede3e3594c08783785b5e85efedcc33bd
trevordcampbell/zpl-toolchain	3da58518c1013fffd46d2147b0927a1d5b4aeab5	samples/compliance_label.zpl	596	b3dd9b20f2fd5fd3ecd42704b5ff8ff76c3bcfb0b3ff215637804d2e5a80a9f4
trevordcampbell/zpl-toolchain	3da58518c1013fffd46d2147b0927a1d5b4aeab5	samples/product_label.zpl	478	0dc18caecbf78e151ca629a10b5e797caf22e6f32069df0fffa441b6ec380743
trevordcampbell/zpl-toolchain	3da58518c1013fffd46d2147b0927a1d5b4aeab5	samples/shipping_label.zpl	545	2a2530cc43c2396ec39246bf243f34662e7ca4cfb04dafe4fc76843131608b98
trevordcampbell/zpl-toolchain	3da58518c1013fffd46d2147b0927a1d5b4aeab5	samples/usps_surepost_sample.zpl	2118	ad3961b4b8ee4acce7f95f4b8a3c5cab7ba0b28647812725599dba68265477cc
trevordcampbell/zpl-toolchain	3da58518c1013fffd46d2147b0927a1d5b4aeab5	samples/warehouse_label.zpl	239	731252369d960e59a6ac4948d867fcf8dadf904f5319b29d4dd90a500a3f4629
le2ni/zplr	590f03c58c79663be37708cd97f8cff5eb0d797e	examples/zplr.zpl	1417	cd033afee5abd123348d054dabfa06187c29a033c5cc273aaf3d22aa6379d25f
le2ni/zplr	590f03c58c79663be37708cd97f8cff5eb0d797e	fixtures/asset-matrix-pdf417.zpl	319	a6b10c713d934e59ccd6c246eb7358f905566693522126c8796bc86a6a62da65
le2ni/zplr	590f03c58c79663be37708cd97f8cff5eb0d797e	fixtures/retail-upc-ean.zpl	328	5b4ac6cde195c92ffccfe5e739e0047d4c75c1148d34bd5e9c274b634cf63726
le2ni/zplr	590f03c58c79663be37708cd97f8cff5eb0d797e	fixtures/stored-resources.zpl	254	9d7e500c270b05aa7f4b54ecb4affd5798abf0cf9a1105a042a316e289e70559
le2ni/zplr	590f03c58c79663be37708cd97f8cff5eb0d797e	fixtures/zplr.zpl	1418	d53e86c6175e20d95b04f7542c29f9951103f9c9f44ba041a4bdf24f09f8ed8f
